label_time_sec,window_start_sec,window_end_sec,n_samples,values_mean,values_std,values_min,values_max,values_median,time_sec,stress_label,reaction_label
10.0,-20.0,10.0,640,0.4460617977343748,65.36757127630953,-144.7721,94.34967,17.960465,10.0,No Stress,No Reaction
20.0,-10.0,20.0,1280,0.3038455394921874,65.04505760821539,-149.2123,94.34967,17.295090000000002,20.0,No Stress,No Reaction
30.0,0.0,30.0,1920,0.12296771805208338,64.9042885966425,-149.2123,99.79648,16.732065,30.0,No Stress,No Reaction
40.0,10.0,40.0,1920,-0.05894395598958339,60.095632759118715,-149.2123,99.79648,11.873249999999999,40.0,No Stress,Reaction
50.0,20.0,50.0,1920,0.28122123292708323,52.3821487074801,-147.5339,99.79648,7.68685,50.0,No Stress,No Reaction
60.0,30.0,60.0,1920,0.37585429328645836,44.553093244362096,-126.0143,95.64331,6.717396,60.0,No Stress,No Reaction
70.0,40.0,70.0,1967,-0.021011192840874465,40.60379058207843,-101.3164,95.64331,7.099308,70.0,No Stress,No Reaction
80.0,50.0,80.0,1327,-0.6012727347686507,40.960453374995765,-101.3164,76.65877,7.383675,80.0,No Stress,No Reaction
90.0,60.0,90.0,687,-1.2034354047132458,38.33007362633061,-101.3164,67.99183,6.784424,90.0,No Stress,No Reaction
