label_time_sec,window_start_sec,window_end_sec,n_samples,values_mean,values_std,values_min,values_max,values_median,time_sec,stress_label,reaction_label
10.0,-20.0,10.0,41,1.4037610975609758,0.006914845601330799,1.389231,1.419979,1.403324,10.0,No Stress,No Reaction
20.0,-10.0,20.0,81,1.4008878148148147,0.006075806794391816,1.389231,1.419979,1.39948,20.0,No Stress,No Reaction
30.0,0.0,30.0,121,1.3958588842975208,0.009248597897510445,1.373857,1.419979,1.396918,30.0,No Stress,No Reaction
40.0,10.0,40.0,121,1.3847306528925618,0.018359364788263038,1.329015,1.404605,1.390512,40.0,No Stress,Reaction
50.0,20.0,50.0,121,1.3988545347107437,0.06695776626150834,0.8242317,1.494287,1.389231,50.0,No Stress,No Reaction
60.0,30.0,60.0,121,1.4967004768595042,0.16208165806765878,0.8242317,1.890171,1.45329,60.0,No Stress,No Reaction
70.0,40.0,70.0,121,1.5660958074380165,0.13548634568075496,0.8242317,1.890171,1.568595,70.0,No Stress,No Reaction
80.0,50.0,80.0,82,1.6281076951219509,0.1010989306269767,1.463539,1.890171,1.601906,80.0,No Stress,No Reaction
90.0,60.0,90.0,42,1.5798210476190477,0.022312617019112285,1.535285,1.610874,1.585251,90.0,No Stress,No Reaction
