window_start_sec,window_end_sec,n_samples,x_mean,x_median,x_std,x_min,x_max,x_mode,y_mean,y_median,y_std,y_min,y_max,y_mode,z_mean,z_median,z_std,z_min,z_max,z_mode
0.0,10.0,320,-17.8625,-18.0,0.34491378233027786,-18,-17,-18,-8.0125,-8.0,0.11127643569537006,-9.0,-8.0,-8.0,60.0375,60.0,0.19028109877684685,60.0,61.0,60.0
10.0,20.0,320,-18.140625,-18.0,0.5028815867399989,-19,-17,-18,-8.55625,-9.0,0.497603976941844,-9.0,-8.0,-9.0,60.0125,60.0,0.11127643569536946,60.0,61.0,60.0
20.0,30.0,320,-20.05625,-19.0,2.0334102029082874,-26,-17,-19,-8.5,-9.0,1.0971607701179862,-11.0,-5.0,-9.0,59.58125,60.0,0.7167662928007283,57.0,60.0,60.0
30.0,40.0,320,-27.40625,-25.0,6.399742231290202,-39,-15,-23,-2.871875,-2.0,3.36483142478808,-8.0,3.0,1.0,56.74375,58.0,2.7730156846762943,51.0,61.0,59.0
40.0,50.0,320,-37.11875,-38.0,4.923072001406696,-46,-24,-40,0.6,1.0,0.9710544312570485,-2.0,4.0,1.0,51.896875,52.0,2.9144526228623233,46.0,58.0,53.0
50.0,60.0,320,-32.49375,-32.0,1.8837595803976115,-37,-28,-31,0.703125,1.0,0.48422408281956103,-1.0,2.0,1.0,54.753125,55.0,0.9293151066232274,52.0,57.0,55.0
60.0,70.0,352,-27.775568181818183,-28.0,1.2868720069570079,-35,-22,-28,-0.3068181818181818,0.0,0.6769792894180432,-2.0,1.0,0.0,56.99431818181818,57.0,0.554671012997733,55.0,59.0,57.0
70.0,80.0,4,-28.0,-28.0,0.0,-28,-28,-28,-75.0,-1.0,128.17175976009693,-223.0,-1.0,-1.0,57.0,57.0,0.0,57.0,57.0,57.0
