window_start_sec,window_end_sec,n_samples,values_mean,values_median,values_std,values_min,values_max,values_mode
0.0,10.0,640,0.446061797734375,17.960465,65.36757127630953,-144.7721,94.34967,-144.7721
10.0,20.0,640,0.16162928124999987,15.769635,64.77175474794106,-149.2123,92.64684,-149.2123
20.0,30.0,640,-0.23878792482812497,14.876655,64.67107697495835,-147.5339,99.79648,-147.5339
30.0,40.0,640,-0.09967322439062512,5.4333095,49.67844188341214,-126.0143,89.6027,-126.0143
40.0,50.0,640,1.1821248479999997,6.143553000000001,39.85889813239472,-92.2154,95.64331,-92.2154
50.0,60.0,640,0.04511125624999999,9.0766755,43.6288968083544,-99.9251,76.65877,-99.9251
60.0,70.0,687,-1.203435404713246,6.784424,38.330073626330595,-101.3164,67.99183,-95.79645
